<?xml version="1.0" encoding="UTF-8"?>

<!DOCTYPE beans PUBLIC "-//SPRING//DTD BEAN 2.0//EN"
			"https://www.springframework.org/dtd/spring-beans-2.0.dtd">

<beans>
	<bean id="s" class="com.Student">

		<property name="sname" value="Abc"></property>
		<property name="sid" value="123"></property>
		<property name="list">
			<list>
				<value>12</value>
				<value>13</value>
				<value>14</value>
			</list>
		</property>

		<property name="set">
			<set>
				<value>Abc</value>
				<value>Pqr</value>
				<value>Xyz</value>
			</set>
		</property>

		<property name="map">
			<map>
				<entry key="123" value="dfgh"></entry>
				<entry key="456" value="ertyu"></entry>
				<entry key="789" value="dfgh"></entry>
			</map>

		</property>


	</bean>

	<bean id="c" class="com.College">
		<constructor-arg value="xyz" index="1"></constructor-arg>
		<constructor-arg value="456"></constructor-arg>
	</bean>

</beans>