<?xml version="1.0" encoding="UTF-8"?>

<!DOCTYPE beans PUBLIC "-//SPRING//DTD BEAN 2.0//EN"
			"https://www.springframework.org/dtd/spring-beans-2.0.dtd">

<beans>
	
	<bean id="c" class="com.College" scope="singleton">
		<property name="cid" value="11"></property>
		<property name="cname" value="Pqr"></property>
		<property name="student" ref="s"></property>
		<lookup-method name="getStudent"/>
	</bean>
	
	<bean id="s" class="com.Student" scope="prototype">
		<property name="sid" value="123"></property>
		<property name="sname" value="Abc"></property>
	</bean>

</beans>